"HpolyInf","LogEpgHpoly","EpgHpoly","HpolyEpgInt","LogEpgHpolyInt","HpolyTotal","Treated","SuppCorrected","SexCorrected","ReproBinWithinWeek","ReproWithinWeek","Year","Jandate","Dpt","AgeBinWithinWeek","BodyMass","BodyLengthWithinWeek","BodyMassWithinWeek","TotalFatScore","Condition","SmiSex","IggTitre","IggStd","IggStdCorrected","IgAConc","AlbuminConcCorrected","TotalProteinCorrected","LogEye","Pittag","SuppCats","WeekNum","NObs","Grid","ObsRank","DRS"
0,0,0,0,0,NA,"Y","Transbreed","M",0,"D",2015,155,0,"A",26,87,26,7,4.89991988237942,25.7092171656804,25600,0.635753375,0.662637265,20.696,NA,NA,NA,"15553007","Transbreed",23,1,2,1,"R"
1,1.224906014,2.403846154,3,2,NA,"Y","Transbreed","F",1,"P",2016,167,0,"A",20,90,20,6,-2.06136990374268,15.9557994838069,800,0.108721762,0.131145053,7.51,19.244,47.994,NA,"15560620","Transbreed",24,9,1,1,"R"
0,0,0,0,0,NA,"Y","Transbreed","F",1,"L",2015,155,0,"A",18,80,18,4,-0.857070616669026,19.1091768220993,102400,0.813939161,0.808257718,17.836,NA,NA,NA,"15560845","Transbreed",23,3,2,1,"R"
1,5.178804895,176.4705882,177,6,NA,"N","None","M",0,"D",2016,167,0,"A",22,95,22,6,-1.66351954727951,17.8412214113217,3200,0.131549747,0.145601921,7.062,10.112,35.868,NA,"15531320","None",24,1,2,1,"R"
1,4.065065457,57.26872247,58,5,NA,"N","None","M",0,"D",2015,155,0,"A",20,92,20,5,-2.70222976115711,17.435865210165,6400,0.196469972,0.213172817,14.998,NA,NA,NA,"14872639","None",23,1,3,1,"R"
1,0.836771447,1.308900524,2,1,NA,"Y","None","M",0,"D",2016,167,0,"A",21.5,80,21.5,6,2.64292938333097,25.6842255547278,0,-0.037049371,0,7.091,14.6472,28.176,NA,"14868033","None",24,1,2,1,"R"
1,3.295836866,26,26,4,NA,"N","None","F",1,"P",2015,155,0,"A",16,81,16,5,-3.17750054537641,16.4817265313563,51200,0.846069613,0.827073317,18.347,NA,NA,NA,"15529793","None",23,5,3,1,"R"
0,0,0,0,0,NA,"N","None","M",1,"S",2016,169,0,"A",27.5,85,27.5,6,7.04077973979415,28.6559359423895,12800,0.686130969,0.827641873,7.026,NA,NA,NA,"14861774","None",24,1,3,1,"R"
1,1.474077046,3.367003367,4,2,NA,"Y","Transbreed","M",1,"S",2015,159,0,"A",23,80,23,6,4.14292938333097,27.4761482678483,6400,0.383320343,0.378258784,29.333,NA,NA,NA,"9029891","Transbreed",24,3,2,1,"R"
1,3.9934323,53.24074074,54,4,NA,"N","Transbreed","M",0,"D",2015,159,0,"A",24,100,24,8,-1.26566919081634,17.3381027271279,51200,0.529212532,0.569145612,22.49,NA,NA,NA,"15558061","Mix",24,5,2,1,"R"
1,2.242570554,8.417508418,9,3,NA,"N","Transbreed","F",1,"G",2016,169,0,"A",29,85,29,7,8.54077973979415,26.5767119204654,800,0.131930364,0.129446952,13.875,NA,NA,NA,"15527052","Transbreed",24,2,4,1,"R"
0,0,0,0,0,NA,"Y","Transbreed","F",1,"L",2015,159,0,"A",25,85,25,6,4.54077973979415,22.9109585521253,NA,NA,NA,21.583,NA,NA,NA,"8826549","Mix",24,5,2,1,"R"
1,4.078142588,58.03571429,59,5,NA,"Y","Transbreed","M",0,"D",2016,169,0,"NonA",20,67,20,6,5.30851845652673,35.6329875145521,0,0.024534583,0,8.751,NA,NA,NA,"15575529","Transbreed",24,3,1,1,"R"
0,0,0,0,0,NA,"N","Transbreed","F",0,"N",2015,159,0,"A",18,75,18,7,0.745079026867802,22.3476251350762,400,0.031137725,0.03163583,20.314,NA,NA,NA,"15530112","Transbreed",24,4,2,1,"R"
1,4.583600186,96.86609687,97,5,NA,"Y","Transbreed","F",1,"P",2016,172,0,"A",26,88,26,7,4.57948995367205,21.904654256232,102400,1.24498357,1.221548424,17.895,15.4184,45.156,NA,"15019111","Transbreed",25,11,4,1,"R"
0,0,0,0,0,NA,"Y","Transbreed","F",1,"L",2015,159,4,"A",19,85,19,6,-1.45922026020585,17.4123284996153,102400,0.787696019,0.746969466,29.808,NA,NA,NA,"15560845","Transbreed",24,3,2,2,"R"
0,0,0,0,0,NA,"Y","Transbreed","F",1,"P",2016,172,5,"A",20.5,73,20.5,6,3.88593888428253,27.1760686171969,NA,NA,NA,15.758,NA,NA,NA,"15560620","Transbreed",25,9,1,3,"R"
1,3.06527007,20.44025157,21,4,NA,"Y","Transbreed","F",1,"G",2015,159,0,"A",23,80,23,6,4.14292938333097,24.4172814949046,25600,0.446851152,0.44389062,20.513,NA,NA,NA,"15578268","Mix",24,7,2,1,"R"
0,0,0,0,0,NA,"Y","Transbreed","M",1,"S",2016,172,0,"A",28,92,28,6,5.29777023884259,24.4102112942309,NA,-0.005663148,0,12.966,NA,NA,NA,"15588866","Transbreed",25,1,4,1,"R"
1,7.511837027,1828.571429,1829,8,NA,"Y","None","M",0,"D",2015,159,0,"A",20,90,20,6,-2.06136990374268,18.3214101608678,6400,0.380872738,0.382103025,22.047,NA,NA,NA,"15561264","None",24,6,3,1,"R"
1,3.542611494,33.55704698,34,4,NA,"N","Transbreed","M",1,"S",2016,172,0,"A",26,95,26,6,2.33648045272049,21.0850798497438,400,0.059218346,0.05810364,13.691,16.5808,52.128,NA,"15540887","Mix",25,4,4,1,"R"
1,1.827350414,5.217391304,6,2,NA,"N","Transbreed","M",1,"S",2015,159,0,"A",23,88,23,6,1.57948995367205,22.1643839281726,25600,0.207363616,0.211193853,23.309,NA,NA,NA,"8817882","Transbreed",24,2,2,1,"R"
0,0,0,0,0,NA,"Y","Transbreed","M",1,"S",2016,174,0,"A",25,95,25,6,1.33648045272049,20.2741152401383,12800,1.229026998,1.484959937,13.387,16.5136,50.676,NA,"15521877","Transbreed",25,3,4,1,"R"
0,0,0,0,0,NA,"Y","Transbreed","M",0,"D",2015,159,0,"A",23,95,23,5,-0.663519547279511,18.6521860209272,6400,0.210135692,0.215593388,21.799,NA,NA,NA,"8801329","Mix",24,5,2,1,"R"
0,0,0,0,0,NA,"N","None","F",1,"L",2015,161,0,"A",21.5,87,21.5,8,0.399919882379414,18.6226423763461,25600,0.545018346,0.57973373,28.333,NA,NA,NA,"15537084","Mix",24,11,2,1,"R"
1,3.322611259,26.73267327,27,4,NA,"Y","Transbreed","F",1,"L",2015,161,0,"A",24,80,24,5,5.14292938333097,25.4789024294657,6400,0.071551052,0.07339577,25.286,NA,NA,NA,"8833360","Transbreed",24,3,2,1,"R"
1,3.386808644,28.57142857,29,4,NA,"N","None","F",0,"N",2015,161,6,"A",17,82,17,5,-2.49793047408376,16.9982991362376,102400,0.891915968,0.920480979,19.561,NA,NA,NA,"15529793","None",24,5,3,2,"R"
0,0,0,0,0,NA,"N","Transbreed","M",0,"D",2016,174,0,"A",25,80,25,6,6.14292938333097,29.865378552009,0,-0.029722754,0,13.412,7.4672,34.212,NA,"15541527","Mix",25,5,1,1,"R"
1,2.242006474,8.412197687,9,3,NA,"N","Transbreed","F",1,"P",2015,163,0,"A",21,85,21,8,0.540779739794146,19.2452051837853,102400,0.25329226,0.252050497,22.414,NA,NA,NA,"15609804","Transbreed",24,1,2,1,"R"
0,0,0,0,0,NA,"Y","Transbreed","F",0,"N",2015,163,0,"A",23,87,23,10,1.89991988237941,19.9218964956261,3200,0.109962082,0.09182907,25.866,NA,NA,NA,"15600368","Transbreed",24,5,2,1,"R"
1,2.525268768,11.49425287,12,3,NA,"Y","None","M",0,"D",2016,174,0,"A",20.5,85,20.5,5,0.0407797397941457,21.3616977025085,12800,1.0196023,0.726819568,9.981,14.3256,48.57,NA,"15522852","None",25,2,2,1,"R"
0,0,0,0,0,NA,"N","Transbreed","M",1,"S",2015,163,0,"A",26,90,26,7,3.93863009625732,23.8178332091282,25600,0.889718906,0.883437375,15.851,NA,NA,NA,"15539624","Transbreed",24,1,2,1,"R"
1,1.481913708,3.401360544,4,2,NA,"N","None","F",1,"L",2016,174,0,"A",23,85,23,4,2.54077973979415,21.0780818679553,400,0.131549747,0.14560192,6.327,NA,NA,NA,"15541810","None",25,3,2,1,"R"
1,3.706710192,39.71962617,40,4,NA,"Y","None","M",1,"S",2015,163,0,"A",19,80,19,6,0.142929383330974,22.6976876995269,800,0.046373727,0.045358583,20.058,NA,NA,NA,"9026832","Mix",24,5,2,1,"R"
0,0,0,0,0,NA,"Y","Transbreed","F",0,"N",2016,176,0,"NonA",11,68,11,5,-4.01191147218064,17.3209210808875,1600,0.655118446,0.631991435,8.242,12.332,38.262,NA,"15547513","Transbreed",25,1,1,1,"R"
0,0,0,0,0,NA,"N","Transbreed","M",1,"S",2016,176,2,"A",24,95,24,4,0.336480452720489,19.4631506305328,1600,0.783052485,0.946115563,11.59,NA,NA,NA,"15541527","Mix",25,5,1,2,"R"
0,0,0,0,0,NA,"N","Transbreed","F",0,"N",2015,166,0,"A",19,76,19,8,1.42464909816044,22.8433095022245,3200,0.149872989,0.148189281,19.258,NA,NA,NA,"15527847","Transbreed",25,7,2,1,"R"
1,3.437866185,30.12048193,31,4,NA,"N","None","M",1,"S",2016,176,0,"A",24.5,85,24.5,7,4.04077973979415,25.5298338395833,3200,0.647175724,0.579717091,10.749,NA,NA,NA,"15548286","None",25,4,2,1,"R"
0,0,0,0,0,NA,"Y","None","M",1,"S",2015,166,7,"A",20,85,20,6,-0.459220260205854,20.8406806853742,12800,0.352896457,0.35324715,20.769,NA,NA,NA,"15561264","None",25,6,3,3,"R"
0,0,0,0,0,NA,"Y","Transbreed","F",1,"G",2016,176,4,"A",31.5,90,31.5,6,9.43863009625732,25.1303841869959,NA,NA,NA,14.901,NA,NA,NA,"15019111","Transbreed",25,11,4,3,"R"
0,0,0,0,0,NA,"Y","Transbreed","M",1,"S",2015,166,7,"A",25,93,25,6,1.97734031013522,21.2701518756269,3200,0.147905433,0.138354554,26.666,NA,NA,NA,"8801329","Mix",25,5,2,3,"R"
1,2.32818064,9.259259259,10,3,NA,"N","None","F",1,"P",2016,176,2,"A",22.5,80,22.5,6,3.64292938333097,23.8864710276241,NA,NA,NA,13.832,NA,NA,NA,"15541810","None",25,3,2,2,"R"
1,7.093651027,1203.296703,1204,8,NA,"N","None","M",1,"S",2015,168,2,"A",24,82,24,4,4.50206952591624,27.1186075358929,51200,0.217207665,0.214493001,12.212,NA,NA,NA,"15582819","None",25,7,1,2,"R"
1,3.378444594,28.32512315,29,4,NA,"Y","Transbreed","F",1,"L",2015,168,0,"A",19,80,19,9,0.142929383330974,20.1707977566603,51200,0.421877377,0.425954253,21.557,NA,NA,NA,"8607794","Transbreed",25,1,2,1,"R"
0,0,0,0,0,NA,"Y","Transbreed","M",1,"S",2016,176,0,"A",20,80,20,6,1.14292938333097,23.8923028416072,0,-0.011152416,0,5.079,NA,NA,NA,"15524572","Mix",25,4,3,1,"R"
1,0.483354138,0.62150404,1,1,NA,"N","Transbreed","F",1,"G",2015,168,0,"A",30,85,30,6,9.54077973979415,27.4931502625504,6400,0.313140378,0.331771104,18.595,NA,NA,NA,"15546029","Transbreed",25,5,2,1,"R"
0,0,0,0,0,NA,"Y","Transbreed","F",1,"G",2016,176,9,"A",26,86,26,6,5.22034981108678,23.1608861324765,NA,0.027336922,0.026822341,18.204,NA,NA,NA,"15560620","Transbreed",25,9,1,4,"R"
1,3.947919414,50.82742317,51,4,NA,"N","Transbreed","M",1,"S",2015,168,0,"A",25,90,25,7,2.93863009625732,22.9017627010848,51200,0.377708496,0.37277125,17.809,NA,NA,NA,"8837583","Transbreed",25,3,2,1,"R"
1,4.828313737,124,124,5,NA,"N","None","M",1,"S",2016,181,5,"A",25,92,25,5,2.29777023884259,21.7948315127062,NA,NA,NA,3.868,NA,NA,NA,"15548286","None",26,4,2,2,"R"
0,0,0,0,0,NA,"Y","Transbreed","M",1,"S",2015,168,9,"A",22,83,22,5,2.18163959720888,24.1887313712241,12800,0.557394002,0.488812029,19.973,NA,NA,NA,"9029891","Transbreed",25,3,2,2,"R"
0,0,0,0,0,NA,"Y","Transbreed","M",1,"S",2016,181,5,"A",23,85,23,5,2.54077973979415,23.9667827881803,NA,NA,NA,13.371,NA,NA,NA,"15524572","Mix",26,4,4,2,"R"
1,5.363722052,212.5181951,213,6,NA,"N","Transbreed","M",1,"S",2015,168,9,"A",22,95,22,5,-1.66351954727951,17.8412214113217,25600,0.565269461,0.571902864,25.587,NA,NA,NA,"15558061","Mix",25,5,2,3,"R"
1,2.591192663,12.34567901,13,3,NA,"Y","Transbreed","F",1,"G",2015,168,0,"A",27,85,27,6,6.54077973979415,24.7438352362954,102400,0.139516758,0.139855907,22.308,NA,NA,NA,"8843557","Transbreed",25,3,2,1,"R"
0,0,0,0,0,NA,"Y","Transbreed","F",0,"N",2015,168,5,"A",19,88,19,4,-2.42051004632795,16.0072473410926,12800,0.240884915,0.24083023,NA,NA,NA,NA,"15600368","Transbreed",25,5,2,2,"R"
0,0,0,0,0,NA,"N","Transbreed","M",0,"D",2016,181,7,"A",21.5,84,21.5,4,1.36120966850151,23.0093974012378,NA,NA,NA,8.809,NA,NA,NA,"15541527","Mix",26,5,1,3,"R"
1,4.12574157,60.91370558,61,5,NA,"N","Transbreed","F",1,"L",2015,168,9,"A",19,82,19,6,-0.497930474083757,18.9980990346185,800,0.020711157,0.027985542,22.253,NA,NA,NA,"15530112","Transbreed",25,4,2,3,"R"
1,2.038816725,6.681514477,7,3,NA,"N","Transbreed","M",0,"D",2016,183,9,"A",20.5,94,20.5,4,-2.84308961857215,17.0260814533042,NA,-0.009518424,0,10.927,NA,NA,NA,"15541527","Mix",26,5,2,4,"R"
1,4.968820744,142.8571429,143,5,NA,"N","None","F",0,"N",2015,168,0,"A",21,80,21,8,2.14292938333097,22.2940396257825,51200,0.207363616,0.208660727,24.707,NA,NA,NA,"9023309","None",25,10,1,1,"R"
0,0,0,0,0,NA,"N","None","M",0,"A",2016,183,0,"NonA",13.5,70,13.5,4,-2.15277132959537,21.790998848324,NA,NA,NA,2.493,NA,NA,NA,"15595543","None",26,1,2,1,"R"
1,3.979558998,52.49343832,53,4,NA,"Y","Transbreed","F",1,"G",2015,168,0,"A",25,90,25,8,2.93863009625732,19.9447493547587,25600,0.796217894,0.854072701,15.792,NA,NA,NA,"15541788","Transbreed",25,4,2,1,"R"
0,0,0,0,0,NA,"Y","Transbreed","M",1,"S",2016,183,7,"A",21.5,94,21.5,4,-1.84308961857215,17.856622012002,0,0.003781324,0,11.282,NA,NA,NA,"15524572","Mix",26,4,4,3,"R"
0,0,0,0,0,NA,"Y","Transbreed","F",1,"L",2015,168,9,"A",24,85,24,5,3.54077973979415,21.9945202100403,3200,0.113304914,0.128633526,26.968,NA,NA,NA,"8826549","Mix",25,5,1,3,"R"
0,0,0,0,0,NA,"Y","Transbreed","F",1,"L",2016,183,16,"A",21,84,21,6,0.861209668501511,19.8056815707529,NA,0.010233017,0,15.632,NA,NA,NA,"15560620","Transbreed",26,9,1,6,"R"
0,0,0,0,0,NA,"Y","Transbreed","F",1,"L",2015,168,9,"A",20,95,20,8,-3.66351954727951,13.9945962027563,12800,0.480620736,0.490747594,21.805,NA,NA,NA,"15578268","Mix",25,7,1,4,"R"
0,0,0,0,0,NA,"Y","Transbreed","F",1,"L",2016,183,11,"A",23,94,23,4,-0.343089618572145,16.5122458989883,NA,-0.011311091,0,11.682,NA,NA,NA,"15019111","Transbreed",26,11,4,4,"R"
0,0,0,0,0,NA,"Y","None","M",1,"S",2015,168,5,"A",16,80,16,5,-2.85707061666903,19.1138422732858,6400,0.039736586,0.037389188,24.181,NA,NA,NA,"9026832","Mix",25,5,3,2,"R"
1,1.659240735,4.255319149,5,2,NA,"N","Transbreed","F",1,"L",2016,183,0,"A",24,86,24,4,3.22034981108678,21.3792795069014,800,0.258274096,0.231352787,6.452,19.2456,62.28,NA,"15523361","Transbreed",26,7,4,1,"R"
0,0,0,0,0,NA,"Y","Transbreed","F",1,"L",2015,170,11,"A",22,100,22,6,-3.26566919081634,13.5930560600634,3200,0.092824554,0.087514806,21.377,NA,NA,NA,"8826549","Mix",25,5,2,4,"R"
1,2.015444879,6.504065041,7,3,NA,"Y","Transbreed","F",1,"G",2016,186,14,"A",26,95,26,5,2.33648045272049,18.1929750635832,800,0.211913585,0.207924596,11.616,NA,NA,NA,"15019111","Transbreed",27,11,4,5,"R"
1,2.909141197,17.34104046,18,3,NA,"N","Transbreed","F",1,"L",2016,186,3,"A",21,90,21,4,-1.06136990374268,16.7535894579973,NA,NA,NA,8.149,NA,NA,NA,"15523361","Transbreed",27,7,4,2,"R"
0,0,0,0,0,NA,"N","None","F",1,"L",2015,170,9,"A",20,40,20,6,NA,NA,12800,0.349577805,0.331461027,24.266,NA,NA,NA,"15537084","Mix",25,11,1,4,"R"
0,0,0,0,0,NA,"N","None","M",1,"S",2015,170,0,"A",21,90,21,6,-1.06136990374268,19.2374806689112,51200,1.044873233,1.075595227,20.218,NA,NA,NA,"8604115","None",25,5,3,1,"R"
NA,NA,NA,NA,NA,NA,"Y","Transbreed","F",1,"L",2016,186,19,"A",21,90,21,4,-1.06136990374268,16.7535894579973,NA,NA,NA,0,16.4648,51.732,NA,"15560620","Transbreed",27,9,1,7,"R"
0,0,0,0,0,NA,"Y","Transbreed","F",1,"G",2015,173,12,"A",24,94,24,7,0.656910381427855,17.2301696337269,800,0.029541545,0.043486038,21.827,NA,NA,NA,"8833360","Transbreed",26,3,2,3,"R"
1,6.701617369,812.7208481,813,7,NA,"N","None","F",0,"N",2016,186,0,"NonA",12.5,70,12.5,5,-3.15277132959537,18.3463979298591,NA,NA,NA,5.598,NA,NA,NA,"15608636","None",27,1,2,1,"R"
1,1.126011263,2.083333333,3,2,NA,"N","None","F",1,"L",2015,173,12,"A",21.5,86,21.5,4,0.72034981108678,19.1522712249325,12800,0.371251293,0.323657331,20.345,NA,NA,NA,"15537084","Mix",26,11,2,5,"R"
1,2.700615223,13.88888889,14,3,NA,"Y","None","M",1,"S",2016,188,0,"A",23,86,23,5,2.22034981108678,23.3431981970666,0,-0.031720922,0,11.808,NA,NA,NA,"15570566","Mix",27,5,2,1,"R"
0,0,0,0,0,NA,"N","None","F",0,"N",2015,173,0,"NonA",17,85,17,6,-3.45922026020585,15.5794518154452,400,0.019008146,0.020225604,20.947,NA,NA,NA,"8567569","Mix",26,6,2,1,"R"
0,0,0,0,0,NA,"N","Transbreed","M",0,"N",2015,175,0,"NonA",10.5,65,10.5,5,-3.55062168605854,20.0298538383056,25600,0.631270545,0.685065047,7.523,NA,NA,NA,"9008034","Transbreed",26,4,2,1,"R"
0,0,0,0,0,NA,"N","Transbreed","F",0,"A",2016,188,0,"NonA",12,72,12,5,-4.2936311870101,16.4492032578712,0,0.01913109,0,7.988,17.0976,47.004,NA,"15030302","Transbreed",27,4,4,1,"R"
0,0,0,0,0,NA,"Y","Transbreed","M",1,"S",2015,175,0,"A",23,87,23,4,1.89991988237941,22.7427690311788,3200,0.110232629,0.109502035,19.576,NA,NA,NA,"15536790","Mix",26,5,2,1,"R"
1,4.340652089,75.75757576,76,5,NA,"Y","Transbreed","F",1,"G",2016,188,16,"A",26,95,26,4,2.33648045272049,18.1929750635832,NA,NA,NA,13.17,NA,NA,NA,"15019111","Transbreed",27,11,4,6,"R"
1,2.38885362,9.900990099,10,3,NA,"N","Transbreed","F",1,"L",2015,175,9,"A",22,85,22,6,1.54077973979415,20.1616435258703,1600,0.131254207,0.135242948,19.017,NA,NA,NA,"15527847","Transbreed",26,7,2,4,"R"
0,0,0,0,0,NA,"Y","None","F",0,"N",2016,188,2,"NonA",15,80,15,4,-3.85707061666903,15.924314018416,0,0.625200345,0,NA,NA,NA,NA,"15013019","Mix",27,7,2,2,"R"
1,1.309720982,2.705139766,3,2,NA,"N","Transbreed","F",1,"G",2015,175,7,"A",23,80,23,7,4.14292938333097,24.4172814949046,12800,0.207185629,0.206031869,20.205,NA,NA,NA,"15546029","Transbreed",26,5,2,4,"R"
0,0,0,0,0,0,"Y","Transbreed","F",0,"N",2015,175,16,"A",12,90,12,8,-10.0613699037427,9.57347969028416,51200,0.271646461,0.267563434,24.837,NA,NA,NA,"15578268","Mix",26,7,2,7,"S"
1,1.759183299,4.807692308,5,2,NA,"N","Transbreed","M",1,"S",2016,188,0,"A",25,78,25,4,6.78378924074571,31.6192748424118,12800,0.625200345,0.691984389,14.818,13.2976,43.788,NA,"15052017","Mix",27,6,1,1,"R"
0,0,0,0,0,NA,"Y","None","M",1,"S",2015,175,12,"A",19,78,19,6,0.783789240745705,24.0306488802329,800,0.023614964,0.024066659,20.423,NA,NA,NA,"9026832","Mix",26,5,3,3,"R"
0,0,0,0,0,NA,"Y","Transbreed","F",1,"L",2015,177,9,"A",22,85,22,5,1.54077973979415,20.1616435258703,51200,0.794772819,0.753681056,19.766,NA,NA,NA,"15541788","Transbreed",26,4,2,3,"R"
1,1.410004841,3.095975232,4,2,NA,"N","Transbreed","M",1,"S",2016,190,2,"A",27.5,87,27.5,5,6.39991988237942,27.1924412329312,NA,NA,NA,7.874,NA,NA,NA,"15052017","Mix",27,6,1,2,"R"
1,2.348485082,9.46969697,10,3,NA,"Y","None","F",1,"G",2015,177,0,"A",22,85,22,5,1.54077973979415,20.1616435258703,51200,0.720066941,0.722835608,20.5,NA,NA,NA,"8601515","None",26,9,3,1,"R"
1,3.231023959,24.30555556,25,4,NA,"Y","None","M",1,"S",2016,190,0,"A",19.5,90,19.5,5,-2.56136990374268,17.8633749068461,0,-0.013587536,0,15.462,NA,NA,NA,"14862123","None",27,3,2,1,"R"
1,0.515944169,0.675219446,1,1,NA,"N","None","M",0,"D",2015,177,7,"A",20,95,20,4,-3.66351954727951,16.2192921921106,NA,NA,NA,21.398,NA,NA,NA,"8604115","None",26,5,3,3,"R"
1,3.710325574,39.86710963,40,4,NA,"N","None","M",1,"S",2015,177,11,"A",24,87,24,6,2.89991988237941,23.7315850760127,6400,0.309331156,0.319050043,20.173,NA,NA,NA,"15582819","None",26,7,1,5,"R"
1,5.121977882,166.6666667,167,6,NA,"N","None","F",1,"L",2015,181,13,"A",20,90,20,5,-2.06136990374268,15.9557994838069,12800,0.299497713,0.306497993,23.781,NA,NA,NA,"9023309","None",27,10,1,3,"R"
0,0,0,0,0,NA,"Y","Transbreed","M",1,"S",2015,181,6,"A",25,97,25,4,0.695620595305758,19.3440405152658,3200,0.088023952,0.084278812,NA,NA,NA,NA,"15536790","Mix",27,5,2,3,"R"
0,0,0,0,0,NA,"Y","None","F",0,"N",2016,193,7,"NonA",15,65,15,5,0.949378313941458,26.3513326710508,0,-0.020561033,0,NA,NA,NA,NA,"15013019","Mix",28,7,2,4,"R"
0,0,0,0,0,NA,"N","Transbreed","F",0,"N",2015,181,15,"A",18,84,18,6,-2.13879033149849,16.9762984892168,3200,0.205444619,0.222295762,NA,NA,NA,NA,"15527847","Transbreed",27,7,2,5,"R"
1,1.735699957,4.672897196,5,2,NA,"Y","Transbreed","M",0,"D",2016,193,0,"A",25,90,25,4,2.93863009625732,22.9017627010848,1600,0.105061481,0.126729859,8.299,12.5256,40.164,NA,"15550081","Transbreed",28,1,4,1,"R"
0,0,0,0,0,NA,"Y","Transbreed","M",1,"S",2015,181,11,"A",21,90,21,4,-1.06136990374268,19.2374806689112,102400,0.289139633,0.302973911,NA,NA,NA,NA,"15525036","Transbreed",27,4,2,3,"R"
0,0,0,0,0,NA,"N","None","F",0,"N",2015,181,20,"A",16,85,16,4,-4.45922026020585,14.6630134733602,6400,0.250751561,0.250557674,21.006,NA,NA,NA,"15537084","Mix",27,11,2,8,"R"
0,0,0,0,0,NA,"N","None","F",1,"R",2015,181,8,"A",17,92,17,6,-5.70222976115741,12.8582947186908,800,0.028726597,0.070023684,26.725,NA,NA,NA,"8567569","Mix",27,6,3,4,"R"
1,2.435074276,10.41666667,11,3,NA,"Y","None","F",1,"P",2016,193,0,"A",18.5,85,18.5,5,-1.95922026020585,16.9541093285727,1600,-0.006945703,0,5.643,NA,NA,NA,"15527289","None",28,2,2,1,"R"
1,1.297346875,2.659574468,3,2,NA,"N","None","F",1,"L",2015,183,22,"A",20,92,20,6,-2.70222976115741,15.127405551401,NA,NA,NA,17.481,NA,NA,NA,"15537084","Mix",27,11,1,9,"R"
0,0,0,0,0,NA,"N","None","M",0,"D",2015,183,0,"A",16,90,16,5,-6.06136990374268,14.6571281286943,12800,0.536080092,0.532598974,24.935,NA,NA,NA,"9045625","None",27,3,1,1,"R"
0,0,0,0,0,NA,"N","Transbreed","M",0,"D",2015,183,8,"NonA",12,80,12,6,-6.85707061666903,14.3353817049643,NA,NA,NA,11.3,NA,NA,NA,"9008034","Transbreed",27,4,2,3,"R"
0,0,0,0,0,NA,"Y","None","M",1,"S",2016,193,5,"A",23,88,23,6,1.57948995367205,22.1643839281726,NA,0.010959431,0,16.132,NA,NA,NA,"15570566","Mix",28,5,4,4,"R"
1,3.181253833,23.07692308,24,4,NA,"Y","None","M",1,"S",2015,183,0,"A",18,80,18,4,-0.857070616669026,21.5030725574465,1600,0.062794587,0.061852614,NA,NA,NA,NA,"9036377","None",27,4,3,1,"R"
0,0,0,0,0,NA,"Y","None","M",1,"S",2015,183,20,"A",18,90,18,4,-4.06136990374268,16.4892691447811,3200,0.041709755,0.031272348,20.852,NA,NA,NA,"9026832","Mix",27,5,3,4,"R"
0,0,0,0,0,NA,"N","None","M",1,"S",2015,183,0,"A",22,85,22,4,1.54077973979415,22.9247487539116,51200,0.700547246,0.730024105,NA,NA,NA,NA,"15531061","None",27,5,3,1,"R"
0,0,0,0,0,NA,"N","Transbreed","F",0,"A",2016,193,5,"NonA",14,65,14,6,-0.0506216860585416,24.5945771596474,0,-0.032386979,0,NA,NA,NA,NA,"15030302","Transbreed",28,4,4,2,"R"
0,0,0,0,0,NA,"Y","None","F",0,"N",2015,183,6,"A",17,78,17,6,-1.21621075925429,19.190661613607,51200,0.818537348,0.800707785,NA,NA,NA,NA,"8601515","None",27,9,3,3,"R"
0,0,0,0,0,NA,"Y","Transbreed","F",0,"N",2016,193,0,"NonA",15,75,15,4,-2.2549209731322,18.6230209458968,0,0.023654698,0,2.272,17.9416,47.226,NA,"15592794","Transbreed",28,2,4,1,"R"
1,4.120760252,60.60606061,61,5,NA,"Y","None","M",1,"S",2015,183,0,"A",18,85,18,4,-2.45922026020585,18.7566126168367,800,0.026340752,0.028836711,NA,NA,NA,NA,"15054588","None",27,4,3,1,"R"
1,1.628919048,4.098360656,5,2,NA,"N","Transbreed","M",1,"S",2016,195,7,"A",24,90,24,5,1.93863009625732,21.9856921930414,400,0.024534583,0.027155372,11.956,NA,NA,NA,"15052017","Mix",28,6,1,4,"R"
1,2.937949281,17.87709497,18,3,NA,"N","None","F",1,"L",2015,187,19,"A",22,90,22,6,-0.0613699037426825,17.5513794321876,12800,0.222447389,0.218268357,17.947,NA,NA,NA,"9023309","None",28,10,1,5,"R"
1,2.658679855,13.27742837,14,3,NA,"N","Transbreed","F",1,"L",2015,187,21,"A",21,90,21,6,-1.06136990374268,16.7535894579973,1600,0.070704123,0.074975449,21.535,NA,NA,NA,"15527847","Transbreed",28,7,2,6,"R"
1,4.90829689,134.4086022,135,5,NA,"Y","None","M",1,"S",2016,195,0,"A",23.5,100,23.5,6,-1.76566919081634,16.9768922536461,100,0.04673828,0,6.645,NA,NA,NA,"14866857","None",28,3,2,1,"R"
0,0,0,0,0,NA,"N","Transbreed","M",1,"S",2015,189,0,"A",16,75,16,8,-1.2549209731322,22.1067789437393,800,0.118042306,0.110790836,17.279,NA,NA,NA,"15588019","Transbreed",28,1,2,1,"R"
1,4.366630949,77.77777778,78,5,NA,"N","None","F",1,"P",2016,195,2,"A",17,80,17,4,-1.85707061666903,18.0475558875382,200,0.063211802,0.056622893,5.691,10.7136,33.996,NA,"15581584","None",28,7,2,2,"R"
0,0,0,0,0,NA,"Y","Transbreed","F",1,"L",2015,189,26,"A",19,90,19,6,-3.06136990374268,15.1580095096166,51200,0.101399386,0.100392647,17.65,NA,NA,NA,"15600368","Transbreed",28,5,2,5,"R"
0,0,0,0,0,NA,"N","Transbreed","F",0,"A",2016,195,7,"NonA",13,85,13,5,-7.45922026020585,11.9136984471052,NA,NA,NA,9.575,NA,NA,NA,"15030302","Transbreed",28,4,4,3,"R"
1,3.502213711,32.1888412,33,4,NA,"N","Transbreed","F",0,"N",2015,189,0,"NonA",14,74,14,8,-2.93449104442483,17.9567467698443,3200,0.122485161,0.124100904,21.992,NA,NA,NA,"15567874","Transbreed",28,2,2,1,"R"
1,3.650658241,37.5,38,4,NA,"N","Transbreed","F",1,"L",2016,197,0,"A",19,90,19,4,-3.06136990374268,15.1580095096166,800,0.089962825,0.108517185,11.519,NA,NA,NA,"15585094","Transbreed",28,2,4,1,"R"
0,0,0,0,0,NA,"Y","None","M",1,"S",2015,189,6,"A",17,80,17,6,-1.85707061666903,20.3084574153661,102400,0.017191541,0.021442181,13.654,NA,NA,NA,"15054588","None",28,4,3,2,"R"
1,4.46945955,86.30952381,87,5,NA,"N","None","F",1,"P",2016,197,4,"A",16,82,16,5,-3.49793047408376,15.9983991870471,NA,NA,NA,5.215,NA,NA,NA,"15581584","None",28,7,2,3,"R"
1,1.003244537,1.727115717,2,2,NA,"Y","Transbreed","F",1,"P",2015,191,0,"NonA",14,72,14,4,-2.2936311870101,19.190737134183,0,0.005226047,0,16.901,NA,NA,NA,"15542636","Transbreed",28,2,2,1,"R"
0,0,0,0,0,NA,"Y","Transbreed","M",0,"A",2015,191,0,"NonA",12,70,12,5,-3.65277132959537,19.3697767540658,200,0.016149778,0.057186009,18.623,NA,NA,NA,"15047790","Transbreed",28,2,2,1,"R"
1,2.543077283,11.71875,12,3,NA,"N","Transbreed","M",1,"S",2016,197,9,"A",26,102,26,5,0.0934709517689293,17.9629916340939,NA,NA,NA,12.566,NA,NA,NA,"15052017","Mix",28,6,1,5,"R"
0,0,0,0,0,NA,"Y","Transbreed","M",1,"S",2015,191,0,"A",20,85,20,5,-0.459220260205854,20.8406806853742,25600,0.157894737,0.168521633,21.965,NA,NA,NA,"15539360","Transbreed",28,1,2,1,"R"
0,0,0,0,0,NA,"N","Transbreed","M",1,"S",2015,191,0,"NonA",14,70,14,7,-1.65277132959537,22.5980728797434,800,0.017580145,0.009863406,13.142,NA,NA,NA,"15583298","Mix",28,2,2,1,"R"
1,1.060146008,1.886792453,2,2,NA,"N","None","M",1,"S",2015,191,21,"A",23,85,23,5,2.54077973979415,23.9667827881803,25600,0.550554964,0.551786404,27.297,NA,NA,NA,"8604115","None",28,5,3,4,"R"
0,0,0,0,0,NA,"Y","None","M",1,"S",2016,197,0,"A",22,85,22,4,1.54077973979415,22.9247487539116,100,0.055867609,0,7.248,NA,NA,NA,"15605086","None",28,1,2,1,"R"
0,0,0,0,0,NA,"Y","None","F",1,"G",2015,191,14,"A",24,86,24,6,3.22034981108678,21.3792795069014,51200,0.696528975,0.710382881,24.545,NA,NA,NA,"8601515","None",28,9,3,6,"R"
NA,NA,NA,NA,NA,NA,"N","Transbreed","M",1,"S",2016,200,3,"A",19.5,97,19.5,6,-4.80437940469424,15.0883516019073,1600,0.051977184,0.056080324,NA,NA,NA,NA,"15593775","Transbreed",29,3,4,2,"R"
0,0,0,0,0,NA,"N","None","M",1,"S",2015,191,8,"A",21,90,21,7,-1.06136990374268,19.2374806689112,51200,0.743704274,0.738379127,24.226,NA,NA,NA,"15531061","None",28,5,3,4,"R"
0,0,0,0,0,NA,"N","Transbreed","M",0,"D",2015,195,0,"NonA",13,70,13,8,-2.65277132959537,20.9839248169046,NA,NA,NA,10.165,NA,NA,NA,"15571353","Transbreed",29,2,2,1,"R"
1,4.22283878,67.22689076,68,5,NA,"N","None","F",1,"P",2016,204,11,"A",18,87,18,5,-3.10008011762059,15.5910494313595,0,-0.035717259,0,NA,NA,NA,NA,"15581584","None",29,7,2,5,"R"
1,3.351513663,27.54590985,28,4,NA,"N","None","F",1,"G",2015,195,27,"A",23,80,23,5,4.14292938333097,24.4172814949046,102400,0.336675896,0.340784485,16.549,NA,NA,NA,"9023309","None",29,10,1,7,"R"
1,1.830275141,5.235602094,6,2,NA,"N","Transbreed","F",1,"P",2016,204,0,"A",17,86,17,6,-3.77965018891322,15.1436563173885,0,-0.014795966,0,7.532,NA,NA,NA,"15046122","Transbreed",29,3,4,1,"R"
1,2.407036104,10.1010101,11,3,NA,"Y","None","F",1,"L",2015,195,18,"A",18,80,18,5,-0.857070616669026,19.1091768220993,NA,NA,NA,19.706,NA,NA,NA,"8601515","None",29,9,3,7,"R"
0,0,0,0,0,NA,"N","Transbreed","M",0,"D",2016,204,0,"A",17,89,17,6,-4.74093997503532,15.9703888426182,200,0.068425595,0.07573483,NA,13.876,41.712,NA,"15526317","Transbreed",29,1,4,1,"R"
0,0,0,0,0,NA,"Y","None","F",1,"L",2015,197,20,"A",NA,80,18,NA,-0.857070616669026,19.1091768220993,25600,0.623838788,0.677479147,NA,NA,NA,NA,"8601515","None",29,9,3,8,"R"
1,1.7845048,4.956629492,5,2,NA,"N","None","F",1,"G",2015,202,34,"A",17,75,17,5,-0.254920973132198,21.1060904053497,25600,0.256936068,0.243600212,18.857,NA,NA,NA,"9023309","None",30,10,1,9,"R"
0,0,0,0,0,NA,"Y","None","M",0,"D",2016,207,0,"A",13.5,84,13.5,4,-6.63879033149849,14.4477611589167,800,0.068425595,0.075734833,6.354,9.6552,33.738,NA,"15523061","None",30,3,2,1,"R"
0,0,0,0,0,NA,"N","Transbreed","M",1,"S",2016,209,0,"A",25.5,85,25.5,4,5.04077973979415,26.5718678738521,0,0.02738849,0,12.596,NA,NA,NA,"15600360","Transbreed",30,3,1,1,"R"
0,0,0,0,0,NA,"Y","None","M",1,"S",2016,211,4,"A",16,82,16,6,-3.49793047408376,18.0790716905952,NA,NA,NA,5.713,NA,NA,NA,"15523061","None",30,3,2,2,"R"
0,0,0,0,0,NA,"N","Transbreed","M",1,"S",2016,214,5,"A",24,97,24,4,-0.304379404694242,18.5702788946552,NA,NA,NA,8.598,NA,NA,NA,"15600360","Transbreed",31,3,1,2,"R"
0,0,0,0,0,NA,"Y","None","F",1,"G",2016,216,28,"A",19.5,90,19.5,4,-2.56136990374268,15.5569044967118,0,-0.009554384,0,9.801,NA,NA,NA,"14875878","Mix",31,3,2,2,"R"
1,5.003825915,147.9820628,148,6,34,"N","None","F",0,"N",2015,168,13,"A",16,80,16,7,-2.85707061666903,16.9859349529771,102400,0.980056293,0.929402686,19.332,NA,NA,3.04452243772342,"15529793","None",25,5,3,5,"S"
1,4.483002552,87.5,88,5,68,"Y","Transbreed","M",1,"S",2016,186,17,"A",21.5,86,21.5,3,0.72034981108678,21.8208157059535,800,0.17569608,0.212283083,11.59,15.0448,36.684,2.484906649788,"15575529","Transbreed",27,3,1,3,"S"
1,4.090142472,58.74840358,59,5,35,"N","Transbreed","M",0,"D",2015,173,14,"A",23,95,23,5,-0.663519547279511,18.6521860209272,51200,0.494125571,0.501657394,37.293,NA,NA,3.2188758248682,"15558061","Mix",26,5,1,5,"S"
0,0,0,0,0,0,"Y","Transbreed","M",1,"S",2016,186,12,"A",25,100,25,4,-0.265669190816339,18.0605236740916,25600,1.141511248,1.231623494,10.054,9.8328,49.56,2.30258509299405,"15521877","Transbreed",27,3,4,3,"S"
1,0,0,0,0,1,"Y","Transbreed","F",1,"L",2015,173,14,"A",20,95,20,5,-3.66351954727951,13.9945962027563,12800,0.102994012,0.099574422,21.18,NA,NA,3.04452243772342,"8826549","Mix",26,5,2,5,"S"
1,1.525430521,3.597122302,4,2,3,"N","Transbreed","M",0,"D",2016,186,12,"A",20,84,20,3,-0.138790331498489,21.4040906058026,12800,1.003330281,0.830107319,11.158,4.8696,36.132,2.94443897916644,"15541527","Mix",27,5,2,5,"S"
1,2.102530224,7.186858316,8,3,14,"N","Transbreed","F",1,"L",2015,173,14,"A",20,87,20,5,-1.10008011762059,17.3233882570661,6400,0.059522878,0.060771746,23.532,NA,NA,2.99573227355399,"15530112","Transbreed",26,4,2,4,"S"
1,4.53438176,92.16589862,93,5,25,"N","None","M",1,"S",2016,188,12,"A",23,93,23,4,-0.0226596898647794,19.5685397255768,3200,0.552916784,0.394144598,NA,8.6256,42.288,2.94443897916644,"15548286","None",27,4,2,4,"S"
1,1.182476436,2.262443439,3,2,5,"Y","None","M",0,"D",2015,173,14,"A",19,90,19,6,-3.06136990374268,17.4053396528244,12800,0.471390065,0.468421218,15.61,NA,NA,3.04452243772342,"15561264","None",26,6,3,6,"S"
1,2.099831028,7.164790174,8,3,7,"Y","Transbreed","F",1,"P",2016,190,23,"A",21,85,21,4,0.540779739794146,19.2452051837853,100,0.095549254,0,10.798,8.5272,58.89,2.94443897916644,"15560620","Transbreed",27,9,1,9,"S"
1,3.928330592,49.82206406,50,4,18,"N","Transbreed","M",0,"D",2016,190,18,"A",25,85,25,5,4.54077973979415,26.0508508567177,1600,0.095549254,0.105755847,12.309,7.088,31.74,2.39789527279837,"15540887","Mix",27,4,2,4,"S"
0,0,0,0,0,0,"N","Transbreed","F",1,"L",2015,181,13,"A",19,80,19,4,0.142929383330974,20.1707977566603,3200,0.089666265,0.085032411,24.45,NA,NA,3.13549421592915,"15546029","Transbreed",27,5,2,5,"S"
1,0,0,0,0,1,"Y","Transbreed","M",1,"S",2016,193,17,"A",19,94,19,6,-4.34308961857214,15.7802706152576,0,-0.000497973,0,10.05,7.1056,38.082,2.63905732961526,"15524572","Mix",28,4,4,4,"S"
0,0,0,0,0,0,"Y","Transbreed","F",1,"L",2015,181,13,"A",19,90,19,4,-3.06136990374268,15.1580095096166,51200,0.58772837,0.515726127,21.901,NA,NA,3.17805383034795,"15541788","Transbreed",27,4,2,4,"S"
0,0,0,0,0,0,"Y","None","M",0,"D",2016,195,5,"A",18,92,18,NA,-4.70222976115741,15.6922786891485,100,0.014293358,0,4.809,9.8216,47.31,2.30258509299405,"14862123","None",28,3,2,3,"S"
0,0,0,0,0,0,"Y","Transbreed","F",0,"N",2015,181,13,"A",19,85,19,5,-1.45922026020585,17.4123284996153,25600,0.175350476,0.180207702,24.532,NA,NA,3.17805383034795,"8843557","Transbreed",27,3,2,3,"S"
1,NA,NA,NA,NA,2,"Y","None","M",1,"S",2016,200,12,"A",23,90,23,4,0.938630096257317,21.069621684998,12800,0.685215899,0.826538074,8.539,15.9016,45.852,2.77258872223978,"15570566","Mix",29,5,4,5,"S"
1,0,0,0,0,1,"N","Transbreed","M",0,"A",2015,187,12,"A",16,85,16,7,-4.45922026020585,16.6725445482993,25600,0.163243572,0.1674315,13.681,NA,NA,2.56494935746154,"9008034","Transbreed",28,4,2,4,"S"
1,NA,NA,NA,NA,1,"N","Transbreed","F",1,"P",2016,200,12,"A",14.5,78,14.5,5,-3.71621075925429,16.3685054939589,0,-0.010811137,0,13.726,13.5072,19.254,2.07944154167984,"15030302","Transbreed",29,4,4,4,"S"
1,3.05409647,20.2020202,21,4,135,"N","None","M",1,"S",2015,183,17,"A",19,95,19,3,-4.66351954727951,15.4083275825051,12800,0.231813207,0.242531917,22.27,NA,NA,3.25809653802148,"15582819","None",27,7,1,7,"S"
NA,NA,NA,NA,NA,0,"Y","None","F",1,"P",2016,200,14,"A",15.5,78,15.5,5,-2.71621075925429,17.4973679418181,800,0.199128373,0.214847802,9.166,9.8912,47.406,2.19722457733622,"15013019","Mix",29,7,2,7,"S"
0,0,0,0,0,0,"Y","Transbreed","M",1,"S",2015,183,13,"A",19,100,19,4,-6.26566919081634,13.7259979923096,25600,0.216187433,0.220352629,25.127,NA,NA,3.29583686600433,"15525036","Transbreed",27,4,2,4,"S"
NA,NA,NA,NA,NA,0,"Y","Transbreed","F",1,"P",2016,200,7,"A",NA,80,NA,4,NA,NA,0,0.016235118,0,12.804,6.096,28.818,2.30258509299405,"15592794","Transbreed",29,2,4,2,"S"
1,6.084068672,437.8109453,438,7,40,"N","Transbreed","M",1,"S",2015,183,15,"A",20,93,20,4,-3.02265968986478,17.0161215005015,25600,0.262275449,0.262319714,NA,NA,NA,3.25809653802148,"8837583","Transbreed",27,3,2,3,"S"
1,2.449453082,10.58201058,11,3,37,"N","Transbreed","M",1,"S",2016,204,16,"A",26,95,26,6,2.33648045272049,21.0850798497438,6400,0.40216625,0.433913729,5.319,9.736,38.358,2.99573227355399,"15052017","Mix",29,6,2,6,"S"
0,0,0,0,0,0,"N","Transbreed","M",0,"D",2015,187,0,"A",15,85,15,6,-5.45922026020585,15.6305105140306,3200,0.206351653,0.204122916,12.958,NA,NA,2.63905732961526,"NEW_1501","Transbreed",28,1,2,1,"S"
1,0,0,0,0,5,"Y","None","M",1,"S",2016,209,14,"A",25,100,25,6,-0.265669190816339,18.0605236740916,12800,0.142399211,0.15761033,7.762,10.6104,51.948,3.09104245335832,"14866857","None",30,3,2,3,"S"
1,2.031106572,6.622516556,7,3,0,"N","None","F",0,"N",2015,187,14,"A",18,78,18,6,-0.216210759254295,20.3195240614662,0,0.030739147,0.032711517,31.606,NA,NA,2.83321334405622,"8567569","Mix",28,6,3,6,"S"
1,3.278348344,25.53191489,26,4,34,"N","None","F",1,"P",2016,209,16,"A",17,82,17,5,-2.49793047408376,16.9982991362376,1600,0.142399211,0.157610327,4.259,10.4056,33.864,2.56494935746154,"15581584","None",30,7,2,7,"S"
0,0,0,0,0,0,"Y","Transbreed","M",1,"S",2015,189,14,"A",26,100,26,5,0.734330809183661,18.7829446210553,800,0.043852609,0.047049371,20.602,NA,NA,3.3322045101752,"15536790","Mix",28,5,2,5,"S"
1,2.971363683,18.51851852,19,3,17,"N","Transbreed","F",1,"P",2016,209,12,"A",20.5,96,20.5,6,-3.48394947598688,13.9846962094128,800,0.254463968,0.245480873,8.863,10.6704,62.406,2.99573227355399,"15585094","Transbreed",30,2,4,2,"S"
1,1.429019306,3.174603175,4,2,2,"Y","Transbreed","M",1,"S",2015,189,30,"A",23,95,23,6,-0.663519547279511,18.6521860209272,25600,0.236698346,0.238633246,26.615,NA,NA,3.17805383034795,"9029891","Transbreed",28,3,2,3,"S"
1,0,0,0,0,1,"N","Transbreed","M",1,"S",2016,209,12,"A",23,94,23,5,-0.343089618572145,19.1024328500486,800,0.132309103,0.118517808,10.949,12.5728,59.868,2.99573227355399,"15593775","Transbreed",30,3,4,3,"S"
1,0,0,0,0,1,"Y","None","M",1,"S",2015,189,26,"A",17,90,17,4,-5.06136990374268,15.5731986367377,800,0.039075566,0.038027903,19.151,NA,NA,3.13549421592915,"9026832","Mix",28,5,3,5,"S"
0,0,0,0,0,0,"Y","None","M",0,"D",2016,218,11,"A",17,85,17,6,-3.45922026020585,17.714578582568,100,0.002573635,0,6.265,11.2968,40.554,2.19722457733622,"15523061","None",31,3,2,3,"S"
1,2.452301532,10.61504839,11,3,10,"N","Transbreed","F",0,"N",2015,195,29,"A",16,75,16,4,-1.2549209731322,19.8645556756233,100,0.009871423,0,16.116,NA,NA,3.09104245335832,"15527847","Transbreed",29,7,2,7,"S"
1,0.888144379,1.430615165,2,1,13,"N","Transbreed","M",0,"D",2016,218,9,"A",26,100,26,6,0.734330809183661,18.7829446210553,1600,0.35006642,0.343476889,13.793,13.3744,56.586,2.70805020110221,"15600360","Transbreed",31,3,1,3,"S"
1,0,0,0,0,29,"N","None","M",1,"S",2015,195,12,"A",22,85,22,6,1.54077973979415,22.9247487539116,25600,0.590973836,0.60300563,23.595,NA,NA,3.36729582998647,"15531061","None",29,5,3,5,"S"
1,3.194247538,23.39181287,24,4,9,"N","Transbreed","F",0,"N",2016,218,14,"A",17,83,17,6,-2.81836040279112,16.5057771583465,400,0.084278664,0.090931722,9.091,9.3096,41.898,2.30258509299405,"15046122","Transbreed",31,3,4,3,"S"
1,2.742634866,14.52784504,15,3,61,"N","None","M",1,"S",2015,195,12,"A",19,85,19,5,-1.45922026020585,19.7986466511055,51200,0.496471916,0.526715412,26.611,NA,NA,3.2188758248682,"9045625","None",29,3,1,3,"S"
0,0,0,0,0,0,"Y","None","M",1,"S",2015,195,12,"A",16,75,16,6,-1.2549209731322,22.1067789437393,800,0.068270427,0.064851305,17.59,NA,NA,2.99573227355399,"9036377","None",29,4,3,4,"S"
0,0,0,0,0,0,"Y","None","M",1,"S",2015,195,12,"A",18,80,18,5,-0.857070616669026,21.5030725574465,51200,0.007052186,0,NA,NA,NA,2.99573227355399,"15054588","None",29,4,3,4,"S"
1,0,0,0,0,6,"N","None","F",1,"G",2015,197,36,"A",19,90,19,5,-3.06136990374268,15.1580095096166,6400,0.285424786,0.282531798,20.923,NA,NA,3.2188758248682,"15537084","Mix",29,11,1,11,"S"
1,1.810046658,5.110732538,6,2,91,"N","None","M",1,"S",2015,197,27,"A",19,87,19,4,-2.10008011762059,18.7875048518434,25600,0.55235676,0.587748127,16.354,NA,NA,3.3322045101752,"8604115","None",29,5,3,5,"S"
0,0,0,0,0,0,"N","None","M",0,"D",2015,202,0,"A",14,80,14,7,-4.85707061666903,16.7246119891251,800,0.107424305,0.099335358,13.327,NA,NA,2.83321334405622,"NEW_1502","None",30,1,1,1,"S"
0,0,0,0,0,0,"N","None","M",1,"S",2015,202,0,"NonA",16,77,16,9,-1.89578083054693,20.8335445174695,400,0.016968235,0.016016294,14.619,NA,NA,2.89037175789616,"NEW_1503","None",30,1,1,1,"S"
0,0,0,0,0,0,"Y","Transbreed","M",0,"D",2015,202,11,"NonA",12,74,12,6,-4.93449104442483,17.0893944734866,0,0.00670304,0,21.068,NA,NA,2.484906649788,"15047790","Transbreed",30,2,2,2,"S"
0,0,0,0,0,0,"Y","Transbreed","F",0,"N",2015,202,11,"A",15,74,15,7,-1.93449104442483,19.2393715391189,1600,0.049364652,0.049737761,24.053,NA,NA,2.484906649788,"15542636","Transbreed",30,2,2,2,"S"
1,3.203642271,23.62204724,24,4,0,"N","Transbreed","M",1,"S",2015,202,11,"A",17,80,17,8,-1.85707061666903,20.3084574153661,1600,0.020958084,0.015754478,15.739,NA,NA,2.484906649788,"15583298","Mix",30,2,1,2,"S"
1,4.45138667,84.74576271,85,5,0,"N","None","M",1,"S",2015,204,0,"A",21,93,21,5,-2.02265968986478,17.8669275755266,3200,0.151258665,0.157538992,27.391,NA,NA,3.3322045101752,"NEW_1504","None",30,1,3,1,"S"
0,0,0,0,0,0,"N","Transbreed","M",0,"D",2015,204,9,"NonA",13,75,13,7,-4.2549209731322,17.9617578917882,102400,0.091434657,0.095653418,16.486,NA,NA,2.484906649788,"15571353","Transbreed",30,2,2,2,"S"
1,3.380789425,28.39396628,29,4,0,"N","Transbreed","M",1,"S",2015,204,45,"A",25,90,25,5,2.93863009625732,22.9017627010848,12800,0.392623233,0.346367816,16.684,NA,NA,3.09104245335832,"8817882","Transbreed",30,2,2,2,"S"
0,0,0,0,0,0,"N","None","M",1,"S",2015,204,0,"A",20,83,20,3,0.181639597208877,21.9897557920219,51200,0.260040086,0.273163225,25.624,NA,NA,2.83321334405622,"NEW_1505","None",30,1,3,1,"S"
1,4.489567414,88.08290155,89,5,NA,"N","None","M",1,"S",2015,173,7,"A",NA,NA,NA,NA,NA,NA,NA,NA,NA,18.854,NA,NA,NA,"15582819","None",26,7,1,4,"R"
0,0,0,0,0,NA,"Y","Transbreed","F",NA,NA,2015,173,10,NA,NA,NA,NA,NA,NA,NA,NA,NA,NA,13.673,NA,NA,NA,"15600368","Transbreed",26,5,2,4,"R"
0,0,0,0,0,NA,"Y","None","M",1,"S",2015,168,9,"A",NA,85,20,NA,-0.459220260205854,20.8406806853742,NA,NA,NA,16.261,NA,NA,NA,"15561264","None",25,6,3,4,"R"
0,0,0,0,0,NA,"Y","Transbreed","M",1,"S",2015,175,5,"A",NA,NA,NA,NA,NA,NA,NA,NA,NA,26.247,NA,NA,NA,"15525036","Transbreed",26,4,2,2,"R"
1,5.590515024,266.8735454,267,6,NA,"Y","Transbreed","F",1,"G",2016,207,35,"A",22.5,93,22.5,5,-0.522659689864779,16.57784200431,NA,NA,NA,8.514,NA,NA,NA,"15019111","Transbreed",30,11,4,8,"R"
1,1.68379648,4.385964912,5,2,NA,"N","None","F",1,"L",2015,175,14,"A",NA,86,21.5,NA,0.72034981108678,19.1522712249325,NA,NA,NA,14.665,NA,NA,NA,"15537084","Mix",26,11,1,6,"R"
0,0,0,0,0,NA,"Y","Transbreed","M",1,"S",2015,168,9,"A",NA,93,25,NA,1.97734031013522,21.2701518756269,NA,NA,NA,24.677,NA,NA,NA,"8801329","Mix",25,5,3,4,"R"
0,0,0,0,0,NA,"N","None","F",0,"N",2015,175,2,"NonA",NA,85,17,NA,-3.45922026020585,15.5794518154452,NA,NA,NA,17.991,NA,NA,NA,"8567569","Mix",26,6,3,2,"R"
0,0,0,0,0,NA,"N","None","M",NA,NA,2015,175,5,NA,NA,NA,NA,NA,NA,NA,NA,NA,NA,18.907,NA,NA,NA,"8604115","None",26,5,3,2,"R"
0,0,0,0,0,NA,"Y","None","F",NA,NA,2015,202,25,NA,NA,NA,NA,NA,NA,NA,NA,NA,NA,16.733,NA,NA,NA,"8601515","None",30,9,3,9,"R"
1,6.170181129,477.2727273,478,7,NA,"Y","None","M",1,"S",2015,161,2,"A",NA,90,20,NA,-2.06136990374268,18.3214101608678,NA,NA,NA,23.556,NA,NA,NA,"15561264","None",24,6,3,2,"R"
0,0,0,0,0,NA,"Y","Transbreed","M",1,"S",2015,161,2,"A",NA,95,23,NA,-0.663519547279511,18.6521860209272,NA,NA,NA,19.765,NA,NA,NA,"8801329","Mix",24,5,2,2,"R"
0,0,0,0,0,NA,"N","None","F",1,"L",2015,177,16,"A",NA,86,21.5,NA,0.72034981108678,19.1522712249325,NA,NA,NA,17.024,NA,NA,NA,"15537084","Mix",26,11,1,7,"R"
1,2.818280729,15.7480315,16,3,NA,"N","None","F",0,"N",2015,163,8,"A",NA,82,17,NA,-2.49793047408376,16.9982991362376,NA,NA,NA,NA,NA,NA,NA,"15529793","None",24,5,3,3,"R"
0,0,0,0,0,NA,"N","Transbreed","F",0,"N",2015,163,4,"A",NA,75,18,NA,0.745079026867802,22.3476251350762,NA,NA,NA,20.926,NA,NA,NA,"15530112","Transbreed",24,4,2,2,"R"
0,0,0,0,0,NA,"N","None","F",0,"A",2015,163,2,"NonA",NA,87,21.5,NA,0.399919882379414,18.6226423763461,NA,NA,NA,18.888,NA,NA,NA,"15537084","Mix",24,11,1,2,"R"
0,0,0,0,0,NA,"Y","Transbreed","F",1,"G",2015,170,2,"A",NA,90,25,NA,2.93863009625732,19.9447493547587,NA,NA,NA,23.618,NA,NA,NA,"15541788","Transbreed",25,4,2,2,"R"
1,2.982614239,18.73935264,19,3,NA,"N","Transbreed","M",0,"D",2015,163,4,"A",NA,100,24,NA,-1.26566919081634,17.3381027271279,NA,NA,NA,23.133,NA,NA,NA,"15558061","Mix",24,5,2,2,"R"
0,0,0,0,0,NA,"Y","Transbreed","F",1,"L",2015,163,8,"A",NA,85,19,NA,-1.45922026020585,17.4123284996153,NA,NA,NA,22.207,NA,NA,NA,"15560845","Transbreed",24,3,2,3,"R"
0,0,0,0,0,NA,"Y","Transbreed","F",1,"G",2015,163,4,"A",NA,80,23,NA,4.14292938333097,24.4172814949046,NA,NA,NA,24.017,NA,NA,NA,"15578268","Mix",24,7,2,2,"R"
0,0,0,0,0,NA,"Y","Transbreed","F",NA,NA,2015,170,11,"A",NA,NA,NA,NA,NA,NA,NA,NA,NA,NA,NA,NA,NA,"15578268","Mix",25,7,1,5,"R"
1,4.093007061,58.9198036,59,5,NA,"N","None","M",1,"S",2015,170,4,"A",NA,80,24,NA,5.14292938333097,28.6707634099287,NA,NA,NA,16.321,NA,NA,NA,"15582819","None",25,7,1,3,"R"
0,0,0,0,0,NA,"Y","Transbreed","F",1,"L",2015,163,4,"A",NA,85,25,NA,4.54077973979415,22.9109585521253,NA,NA,NA,21.058,NA,NA,NA,"8826549","Mix",24,5,2,2,"R"
0,0,0,0,0,NA,"Y","Transbreed","F",1,"L",2015,163,2,"A",NA,80,24,NA,5.14292938333097,25.4789024294657,NA,NA,NA,26.571,NA,NA,NA,"8833360","Transbreed",24,3,2,2,"R"
1,2.579847212,12.19512195,13,3,NA,"Y","None","M",1,"S",2015,163,0,"A",21,85,21,4,0.540779739794146,21.8827147196429,NA,NA,NA,NA,NA,NA,NA,"9025374","None",24,4,1,1,"R"
1,7.477111493,1766.129032,1767,8,NA,"N","None","M",NA,NA,2015,181,15,NA,NA,NA,NA,NA,NA,NA,NA,NA,NA,23.754,NA,NA,NA,"15582819","None",27,7,1,6,NA
1,3.473518043,31.25,32,4,NA,"N","Transbreed","M",1,"S",2015,170,2,"A",NA,90,25,NA,2.93863009625732,22.9017627010848,NA,NA,NA,18.873,NA,NA,NA,"8837583","Transbreed",25,3,2,2,"R"
1,4.979794188,144.4444444,145,5,NA,"N","None","F",NA,NA,2015,166,11,"A",NA,NA,NA,NA,NA,NA,NA,NA,NA,22.535,NA,NA,NA,"15529793","None",25,5,3,4,"R"
0,0,0,0,0,NA,"N","None","F",NA,NA,2015,166,5,NA,NA,NA,NA,NA,NA,NA,NA,NA,NA,22.035,NA,NA,NA,"15537084","Mix",25,11,1,3,"R"
0,0,0,0,0,NA,"N","Transbreed","M",0,"D",2016,197,0,"A",26.5,94,26.5,4,3.15691038142785,22.0093248054908,NA,NA,NA,12.874,14.5184,43.578,NA,"15593775","Transbreed",28,3,4,1,"R"
0,0,0,0,0,NA,"Y","Transbreed","F",NA,NA,2015,166,7,"A",NA,NA,NA,NA,NA,NA,NA,NA,NA,14.244,NA,NA,NA,"15578268","Mix",25,7,2,3,"R"
1,5.312604489,201.8779343,202,6,NA,"N","None","M",1,"S",2015,166,0,"A",24,80,24,NA,5.14292938333097,28.6707634099287,NA,NA,NA,14.662,NA,NA,NA,"15582819","None",25,7,1,1,"R"
0,0,0,0,0,NA,"N","None","M",NA,NA,2015,187,4,NA,NA,NA,NA,NA,NA,NA,NA,NA,NA,19.852,NA,NA,NA,"15531061","None",28,5,3,2,"R"
0,0,0,0,0,NA,"Y","None","M",NA,NA,2015,166,3,NA,NA,NA,NA,NA,NA,NA,NA,NA,NA,NA,NA,NA,NA,"9025374","None",25,4,1,2,"R"
1,0.972571568,1.644736842,2,1,NA,"N","Transbreed","F",0,"N",2015,168,2,"A",NA,76,19,NA,1.42464909816044,22.8433095022245,NA,NA,NA,20.085,NA,NA,NA,"15527847","Transbreed",25,7,2,2,"R"
1,1.956614671,6.075334143,7,2,NA,"Y","Transbreed","F",1,"L",2016,188,21,"A",20,85,20,6,-0.459220260205854,18.3287668417003,NA,NA,NA,8.776,NA,NA,NA,"15560620","Transbreed",27,9,1,8,"R"
1,1.287763778,2.624671916,3,2,NA,"N","None","F",1,"R",2015,183,10,"A",NA,92,17,NA,-5.70222976115741,12.8582947186908,NA,NA,NA,NA,NA,NA,NA,"8567569","Mix",27,6,3,5,"R"
0,0,0,0,0,NA,"Y","Transbreed","M",1,"S",2016,174,5,"A",20.5,82,20.5,6,1.00206952591624,23.1638106035751,NA,NA,NA,25.038,NA,NA,NA,"15575529","Transbreed",25,3,1,2,"R"
0,0,0,0,0,NA,"Y","None","M",0,"D",2016,176,2,"A",22,85,22,4,1.54077973979415,22.9247487539116,NA,NA,NA,5.311,NA,NA,NA,"15522852","None",25,2,2,2,"R"
1,3.746428107,41.36947218,42,4,NA,"N","None","F",NA,NA,2015,173,5,NA,NA,NA,NA,NA,NA,NA,NA,NA,NA,13.383,NA,NA,NA,"9023309","None",26,10,1,2,"R"
1,2.508256726,11.28349788,12,3,NA,"N","Transbreed","F",1,"L",2016,190,7,"A",23.5,80,23.5,5,4.64292938333097,24.9480919621851,NA,NA,NA,9.897,NA,NA,NA,"15523361","Transbreed",27,7,4,4,"R"
0,0,0,0,0,NA,"N","None","F",0,"N",2015,177,4,"NonA",NA,85,17,NA,-3.45922026020585,15.5794518154452,NA,NA,NA,17.507,NA,NA,NA,"8567569","Mix",26,6,3,3,"R"
1,2.514759613,11.36363636,12,3,NA,"N","Transbreed","F",1,"G",2016,211,28,"A",32,93,32,4,8.97734031013522,23.5773752950187,NA,NA,NA,17.219,NA,NA,NA,"15523361","Transbreed",30,7,4,7,"R"
0,NA,0,0,NA,NA,"Y","None","M",1,"S",2016,190,2,"A",23,86,23,5,2.22034981108678,23.3431981970666,NA,NA,NA,10.155,NA,NA,NA,"15570566","Mix",27,5,3,2,"R"
1,2.043535865,6.717850288,7,3,NA,"N","Transbreed","M",1,"S",2015,170,11,"A",NA,95,22,NA,-1.66351954727951,17.8412214113217,NA,NA,NA,21.811,NA,NA,NA,"15558061","Mix",25,5,2,4,"R"
0,0,0,0,0,NA,"N","None","F",1,"L",2015,187,26,"A",NA,NA,NA,NA,NA,NA,NA,NA,NA,21.793,NA,NA,NA,"15537084","Mix",28,11,3,10,"R"
1,4.629367802,101.4492754,102,5,NA,"N","Transbreed","M",0,"D",2016,181,9,"A",23,95,23,6,-0.663519547279511,18.6521860209272,NA,NA,NA,14.35,NA,NA,NA,"15540887","Mix",26,4,4,3,"R"
0,0,0,0,0,NA,"Y","None","F",NA,NA,2015,187,10,NA,NA,NA,NA,NA,NA,NA,NA,NA,NA,19.232,NA,NA,NA,"8601515","None",28,9,3,4,"R"
1,1.954530892,6.060606061,7,2,NA,"N","None","F",NA,NA,2016,181,7,NA,NA,NA,NA,NA,NA,NA,NA,NA,NA,10.714,NA,NA,NA,"15541810","None",26,3,2,3,"R"
1,6.317058502,552.9411765,553,7,NA,"Y","None","M",NA,NA,2015,168,5,NA,NA,NA,NA,NA,NA,NA,NA,NA,NA,20.937,NA,NA,NA,"9025374","None",25,4,1,3,"R"
0,0,0,0,0,NA,"Y","Transbreed","M",1,"S",2015,177,2,"A",NA,87,23,NA,1.89991988237941,22.7427690311788,NA,NA,NA,NA,NA,NA,NA,"15536790","Mix",26,5,3,2,"R"
1,4.93169799,137.6146789,138,5,NA,"N","None","M",NA,NA,2015,187,4,NA,NA,NA,NA,NA,NA,NA,NA,NA,NA,20.918,NA,NA,NA,"9045625","None",28,3,1,2,"R"
1,1.282090584,2.604166667,3,2,NA,"Y","Transbreed","M",1,"S",2015,170,0,"A",21,97,21,8,-3.30437940469424,16.2489940328233,NA,NA,NA,24.541,NA,NA,NA,"15525036","Transbreed",25,4,2,1,"R"
1,1.765178473,4.842615012,5,2,NA,"N","Transbreed","F",0,"N",2015,170,4,"A",NA,76,19,NA,1.42464909816044,22.8433095022245,NA,NA,NA,20.718,NA,NA,NA,"15527847","Transbreed",25,7,2,3,"R"
1,2.57734621,12.16216216,13,3,NA,"Y","None","M",NA,NA,2015,170,7,NA,NA,NA,NA,NA,NA,NA,NA,NA,NA,16.696,NA,NA,NA,"9025374","None",25,4,1,4,"R"
1,1.331182026,2.78551532,3,2,NA,"N","None","M",NA,NA,2015,189,6,NA,NA,NA,NA,NA,NA,NA,NA,NA,NA,21.214,NA,NA,NA,"15531061","None",28,5,3,3,"R"
0,0,0,0,0,NA,"N","Transbreed","F",1,"G",2015,170,2,"A",NA,85,30,NA,9.54077973979415,27.4931502625504,NA,NA,NA,20.039,NA,NA,NA,"15546029","Transbreed",25,5,2,2,"R"
1,0.55494189,0.741839763,1,1,NA,"N","Transbreed","F",NA,NA,2015,173,5,"A",NA,NA,NA,NA,NA,NA,NA,NA,NA,17.683,NA,NA,NA,"15546029","Transbreed",26,5,2,3,"R"
0,0,0,0,0,NA,"Y","None","M",1,"S",2015,170,11,"A",NA,85,20,NA,-0.459220260205854,20.8406806853742,NA,NA,NA,19.803,NA,NA,NA,"15561264","None",25,6,3,5,"R"
0,0,0,0,0,NA,"Y","None","F",NA,NA,2015,189,12,NA,NA,NA,NA,NA,NA,NA,NA,NA,NA,26.053,NA,NA,NA,"8601515","None",28,9,3,5,"R"
1,3.551341335,33.86004515,34,4,NA,"N","None","F",1,"L",2015,189,21,"A",NA,90,22,NA,-0.0613699037426825,17.5513794321876,NA,NA,NA,23.339,NA,NA,NA,"9023309","None",28,10,1,6,"R"
0,0,0,0,0,NA,"Y","Transbreed","F",0,"N",2015,170,7,"A",NA,88,19,NA,-2.42051004632795,16.0072473410926,NA,NA,NA,21.677,NA,NA,NA,"15600368","Transbreed",25,5,2,3,"R"
1,3.413333639,29.36630603,30,4,NA,"Y","None","F",1,"P",2016,169,0,"A",23,70,23,6,7.34722867040463,33.7573721909408,NA,NA,NA,14.713,NA,NA,NA,"15543023","None",24,1,3,1,"S"
0,0,0,0,0,NA,"Y","Transbreed","M",1,"S",2015,170,11,"A",NA,93,25,NA,1.97734031013522,21.2701518756269,NA,NA,NA,16.165,NA,NA,NA,"8801329","Mix",25,5,2,5,"R"
0,0,0,0,0,NA,"Y","None","M",1,"S",2015,191,8,"A",NA,80,17,NA,-1.85707061666903,20.3084574153661,NA,NA,NA,17.842,NA,NA,NA,"15054588","None",28,4,3,3,"R"
0,0,0,0,0,NA,"Y","Transbreed","F",1,"G",2015,170,2,"A",NA,85,27,NA,6.54077973979415,24.7438352362954,NA,NA,NA,25.567,NA,NA,NA,"8843557","Transbreed",25,3,2,2,"R"
0,0,0,0,0,NA,"Y","None","F",NA,NA,2015,181,4,NA,NA,NA,NA,NA,NA,NA,NA,NA,NA,21.828,NA,NA,NA,"8601515","None",27,9,3,2,"R"
0,0,0,0,0,NA,"N","Transbreed","F",0,"N",2015,191,2,"NonA",NA,74,14,NA,-2.93449104442483,17.9567467698443,NA,NA,NA,12.778,NA,NA,NA,"15567874","Transbreed",28,2,2,2,"R"
0,0,0,0,0,NA,"N","Transbreed","F",1,"P",2016,207,3,"A",21.5,85,21.5,5,1.04077973979415,19.7034243548278,NA,NA,NA,2.939,NA,NA,NA,"15046122","Transbreed",30,3,4,2,"R"
1,2.88463765,16.89708141,17,3,NA,"N","None","F",1,"L",2015,197,29,"A",NA,80,23,NA,4.14292938333097,24.4172814949046,NA,NA,NA,NA,NA,NA,NA,"9023309","None",29,10,1,8,"R"
0,0,0,0,0,NA,"Y","Transbreed","M",1,"S",2015,183,8,"A",NA,97,25,NA,0.695620595305758,19.3440405152658,NA,NA,NA,22.958,NA,NA,NA,"15536790","Mix",27,5,3,4,"R"
0,0,0,0,0,NA,"Y","Transbreed","F",1,"L",2015,173,14,"A",19,90,19,6,-3.06136990374268,15.1580095096166,NA,NA,NA,21.455,NA,NA,NA,"15578268","Mix",26,7,2,6,"R"
NA,NA,NA,NA,NA,NA,"N","None","F",1,"P",2016,200,7,"A",15,85,15,6,-5.45922026020585,13.7465751312752,NA,NA,NA,9.656,NA,NA,NA,"15581584","None",29,7,2,4,"R"
1,3.537524813,33.38171263,34,4,NA,"N","Transbreed","M",1,"S",2016,193,5,"A",25,85,25,5,4.54077973979415,26.0508508567177,NA,NA,NA,13.993,NA,NA,NA,"15052017","Mix",28,6,1,3,"R"
0,0,0,0,0,NA,"Y","None","F",0,"N",2016,190,4,"NonA",14.5,78,14.5,4,-3.71621075925429,16.3685054939589,NA,NA,NA,4.282,NA,NA,NA,"15013019","Mix",27,7,2,3,"R"
1,3.131041282,21.89781022,22,4,NA,"N","None","M",1,"S",2016,190,0,"A",26,93,26,4,2.97734031013522,22.120957950652,NA,NA,NA,14.403,NA,NA,NA,"15048067","None",27,1,2,1,"R"
1,4.49200396,88.30022075,89,5,NA,"N","None","F",1,"L",2015,183,15,"A",NA,90,20,6,-2.06136990374268,15.9557994838069,NA,NA,NA,NA,NA,NA,NA,"9023309","None",27,10,1,4,"R"
1,5.905272923,365.967366,366,6,NA,"N","None","F",1,"G",2015,204,36,"A",NA,75,17,NA,-0.254920973132198,21.1060904053497,NA,NA,NA,19.307,NA,NA,NA,"9023309","None",30,10,1,10,"R"
0,0,0,0,0,NA,"N","Transbreed","M",0,"N",2015,177,2,"NonA",NA,65,10.5,NA,-3.55062168605854,20.0298538383056,NA,NA,NA,14.65,NA,NA,NA,"9008034","Transbreed",26,4,2,2,"R"
1,4.880670518,130.7189542,131,5,NA,"N","None","F",1,"G",2016,207,14,"A",16.5,86,16.5,6,-4.27965018891322,14.6982546609947,NA,NA,NA,8.286,NA,NA,NA,"15581584","None",30,7,2,6,"R"
0,0,0,0,0,NA,"Y","None","F",1,"P",2016,197,11,"A",17,80,17,6,-1.85707061666903,18.0475558875382,NA,NA,NA,7.455,NA,NA,NA,"15013019","Mix",28,7,2,6,"R"
0,0,0,0,0,NA,"Y","None","M",1,"S",2015,187,4,NA,NA,NA,NA,NA,NA,NA,NA,NA,NA,19.597,NA,NA,NA,"9036377","None",28,4,3,2,"R"
0,0,0,0,0,NA,"Y","Transbreed","M",0,"A",2016,183,9,"NonA",23,99,23,4,-1.94523926210897,16.9963846349639,NA,NA,NA,8.589,NA,NA,NA,"15521877","Transbreed",26,3,4,2,"R"
1,2.468634773,10.80631754,11,3,NA,"Y","Transbreed","F",1,"G",2016,197,25,"A",30,100,30,4,4.73433080918366,18.5359855364501,NA,NA,NA,9.281,NA,NA,NA,"15019111","Transbreed",28,11,4,7,"R"
0,0,0,0,0,NA,"Y","None","F",0,"N",2016,186,0,"NonA",17,75,17,5,-0.254920973132198,21.1060904053497,NA,NA,NA,8.02,NA,NA,NA,"15013019","Mix",27,7,1,1,"R"
0,0,0,0,0,NA,"Y","None","F",0,"A",2016,188,0,"NonA",11,60,11,5,-1.44847204252171,23.4653266730933,NA,NA,NA,12.602,NA,NA,NA,"14875878","Mix",27,3,2,1,"R"
0,0,0,0,0,NA,"Y","Transbreed","F",1,"P",2016,174,2,"A",26,88,26,6,4.57948995367205,21.904654256232,NA,NA,NA,10.615,NA,NA,NA,"15019111","Transbreed",25,11,4,2,"R"
1,4.614267355,99.91386736,100,5,NA,"Y","Transbreed","F",1,"L",2016,218,46,"A",28,91,28,4,5.61820016754995,21.7473294763084,NA,NA,NA,16.567,NA,NA,NA,"15019111","Transbreed",31,11,4,11,"R"
1,4.520799946,90.90909091,91,5,NA,"Y","Transbreed","F",0,"N",2016,207,0,"NonA",14,73,14,6,-2.61406111571747,18.5592663727198,NA,NA,NA,NA,NA,NA,NA,"15589338","Transbreed",30,1,1,1,"R"
1,5.155680606,172.4137931,173,6,NA,"N","Transbreed","M",1,"S",2016,174,2,"A",27,78,27,6,8.7837892407457,34.1488168298047,NA,NA,NA,NA,NA,NA,NA,"15540887","Mix",25,4,4,2,"R"
0,0,0,0,0,NA,"Y","None","M",1,"S",2015,189,6,NA,NA,NA,NA,NA,NA,NA,NA,NA,NA,15.276,NA,NA,NA,"9036377","None",28,4,3,3,"R"
0,0,0,0,0,NA,"Y","None","M",1,"S",2016,204,9,"A",NA,NA,NA,NA,NA,NA,NA,NA,NA,8.951,NA,NA,NA,"14866857","None",29,3,2,2,"R"
0,0,0,0,0,NA,"Y","None","F",1,"G",2016,197,4,"A",21,86,21,4,0.22034981108678,18.7068695685387,NA,NA,NA,3.967,NA,NA,NA,"15527289","None",28,2,2,2,"R"
1,3.472307583,31.21098627,32,4,NA,"N","None","M",NA,NA,2016,186,10,NA,NA,NA,NA,NA,NA,NA,NA,NA,NA,11.566,NA,NA,NA,"15548286","None",27,4,2,3,"R"
0,0,0,0,0,NA,"Y","None","M",0,"D",2016,193,3,"A",18,92,18,4,-4.70222976115741,15.6922786891485,NA,NA,NA,8.361,NA,NA,NA,"14862123","None",28,3,2,2,"R"
1,4.058073742,56.8627451,57,5,NA,"N","None","F",1,"P",2016,193,0,"A",17,80,17,NA,-1.85707061666903,18.0475558875382,NA,NA,NA,5.916,NA,NA,NA,"15581584","None",28,7,2,1,"R"
0,0,0,0,0,NA,"Y","None","F",1,"L",2016,218,30,"A",20,90,20,5,-2.06136990374268,15.9557994838069,NA,NA,NA,11.244,NA,NA,NA,"14875878","Mix",31,3,1,3,"R"
1,2.155097901,7.628734901,8,3,NA,"N","Transbreed","F",1,"L",2016,174,5,"A",23.5,93,23.5,5,0.477340310135221,17.3146349822793,NA,NA,NA,9.03,NA,NA,NA,"15527052","Transbreed",25,2,4,2,"S"
0,0,0,0,0,NA,"Y","Transbreed","F",1,"P",2016,169,2,"A",NA,90,20,NA,-2.06136990374268,15.9557994838069,NA,NA,NA,9.993,NA,NA,NA,"15560620","Transbreed",24,9,1,2,"R"
NA,NA,NA,NA,NA,NA,"N","Transbreed","F",0,"N",2016,200,0,"A",15.5,80,15.5,4,-3.35707061666903,16.4551244856966,NA,NA,NA,7.709,NA,NA,NA,"15042634","Transbreed",29,1,4,1,"R"
1,1.979655682,6.24024961,7,2,NA,"N","Transbreed","F",1,"G",2016,193,10,"A",23,87,23,4,1.89991988237941,19.9218964956261,NA,NA,NA,16.768,NA,NA,NA,"15523361","Transbreed",28,7,4,5,"R"
0,0,0,0,0,NA,"Y","Transbreed","F",1,"L",2016,181,14,"A",24,92,24,5,1.29777023884259,18.1528866616812,NA,NA,NA,9.618,NA,NA,NA,"15560620","Transbreed",26,9,1,5,"R"
0,0,0,0,0,NA,"Y","None","F",1,"P",2016,195,9,"A",19,75,19,6,1.7450790268678,23.5891598648026,NA,NA,NA,NA,NA,NA,NA,"15013019","Mix",28,7,2,5,"R"
1,4.374370281,78.38983051,79,5,NA,"N","Transbreed","F",1,"G",2016,188,5,"A",25,90,25,5,2.93863009625732,19.9447493547587,NA,NA,NA,12.681,NA,NA,NA,"15523361","Transbreed",27,7,4,3,"R"
0,0,0,0,0,NA,"N","Transbreed","M",0,"D",2016,193,0,"A",23,90,23,6,0.938630096257317,21.069621684998,NA,NA,NA,NA,NA,NA,NA,"14878542","Transbreed",28,1,4,1,"R"
1,4.277340119,71.04854433,72,5,NA,"Y","Transbreed","F",1,"G",2016,209,37,"A",30,102,30,4,4.09347095176893,17.6666500849349,NA,NA,NA,14.204,NA,NA,NA,"15019111","Transbreed",30,11,4,9,"R"
1,2.576846883,12.15559157,13,3,NA,"N","Transbreed","F",1,"G",2016,207,24,"A",27.5,90,27.5,4,5.43863009625732,21.9392242902345,NA,NA,NA,8.203,NA,NA,NA,"15523361","Transbreed",30,7,4,6,"R"
1,4.246870173,68.88633754,69,5,NA,"Y","Transbreed","F",1,"G",2016,216,44,"A",32.5,94,32.5,6,9.15691038142785,23.3325213790052,NA,NA,NA,7.989,NA,NA,NA,"15019111","Transbreed",31,11,4,10,"R"
